<?xml version="1.0" encoding="UTF-8"?>
<objects serializationModel="Studio.01.10.00">
    <object class="MixerMaster" id="{2b06980d-9a81-4598-9969-ab19775c9a23}">
        <property name="name">
            <value>Master Bus</value>
        </property>
        <relationship name="effectChain">
            <destination>{f49aa3a3-e7c4-4426-9e0b-8214b8ad8454}</destination>
        </relationship>
        <relationship name="panner">
            <destination>{fc258f6f-b92f-4a2b-addc-585d989e6b84}</destination>
        </relationship>
        <relationship name="mixer">
            <destination>{b0affdcf-619e-483f-9e8c-c22321044263}</destination>
        </relationship>
    </object>
    <object class="MixerBusEffectChain" id="{f49aa3a3-e7c4-4426-9e0b-8214b8ad8454}">
        <relationship name="effects">
            <destination>{2b9026e1-e6b4-4f4f-9c63-fd4e31975031}</destination>
        </relationship>
    </object>
    <object class="MixerBusPanner" id="{fc258f6f-b92f-4a2b-addc-585d989e6b84}">
        <property name="overridingOutputFormat">
            <value>2</value>
        </property>
        <property name="outputFormatOverridden">
            <value>true</value>
        </property>
    </object>
    <object class="MixerBusFader" id="{2b9026e1-e6b4-4f4f-9c63-fd4e31975031}"/>
</objects>
