<?xml version="1.0" encoding="UTF-8"?>
<objects serializationModel="Studio.01.10.00">
    <object class="Workspace" id="{083e45f4-1472-43f7-8150-d59578ec7402}">
        <property name="builtBanksOutputDirectory"/>
        <relationship name="masterEventFolder">
            <destination>{11897644-ed70-450e-8beb-1c56fef84175}</destination>
        </relationship>
        <relationship name="masterTagFolder">
            <destination>{342704f4-1192-461e-9f89-7d2e188e6782}</destination>
        </relationship>
        <relationship name="masterEffectPresetFolder">
            <destination>{057e7b68-20a4-4c64-b5eb-49fe82e61c81}</destination>
        </relationship>
        <relationship name="masterParameterPresetFolder">
            <destination>{693d1f6a-d63b-463c-93e4-6787d8442050}</destination>
        </relationship>
        <relationship name="masterBankFolder">
            <destination>{4c1017eb-9f63-4b80-936d-334f0940915f}</destination>
        </relationship>
        <relationship name="masterAssetFolder">
            <destination>{a3925c56-b719-43bd-a540-278eeafebdc6}</destination>
        </relationship>
        <relationship name="mixer">
            <destination>{b0affdcf-619e-483f-9e8c-c22321044263}</destination>
        </relationship>
        <relationship name="platforms">
            <destination>{c1e07b3b-0d91-442b-9aa9-0a13e6e87007}</destination>
        </relationship>
    </object>
</objects>
