<?xml version="1.0" encoding="UTF-8"?>
<objects serializationModel="Studio.01.10.00">
    <object class="Workspace" id="{083e45f4-1472-43f7-8150-d59578ec7402}">
        <relationship name="projectSettings">
            <destination>{f1b943e8-c303-4037-8dce-f9f1385ae2fa}</destination>
        </relationship>
        <relationship name="profilerSessionFolder">
            <destination>{1de4d91c-bb29-4204-86b1-151b01680dd3}</destination>
        </relationship>
    </object>
    <object class="ProjectSettings" id="{f1b943e8-c303-4037-8dce-f9f1385ae2fa}">
        <relationship name="activePlatform">
            <destination>{c1e07b3b-0d91-442b-9aa9-0a13e6e87007}</destination>
        </relationship>
    </object>
</objects>
