<?xml version="1.0" encoding="UTF-8"?>
<objects serializationModel="Studio.01.10.00">
    <object class="EncodingSetting" id="{506ebfd4-073d-48cd-a9da-2c3f6cc1a2d8}">
        <property name="encodingFormat">
            <value>3</value>
        </property>
        <property name="quality">
            <value>37</value>
        </property>
        <relationship name="platform">
            <destination>{c1e07b3b-0d91-442b-9aa9-0a13e6e87007}</destination>
        </relationship>
        <relationship name="encodable">
            <destination>{c1e07b3b-0d91-442b-9aa9-0a13e6e87007}</destination>
        </relationship>
    </object>
</objects>
