<?xml version="1.0" encoding="UTF-8"?>
<objects serializationModel="Studio.01.10.00">
    <object class="MixerReturn" id="{e5111180-fd17-4444-bbf7-03909dae5cda}">
        <property name="overridingInputFormat">
            <value>2</value>
        </property>
        <property name="inputFormatOverridden">
            <value>true</value>
        </property>
        <property name="name">
            <value>Reverb</value>
        </property>
        <relationship name="effectChain">
            <destination>{3fa7e822-0ad3-438d-8482-aba27aee40c1}</destination>
        </relationship>
        <relationship name="panner">
            <destination>{23226e7f-e515-41ba-8327-07b0b3bdd16f}</destination>
        </relationship>
        <relationship name="output">
            <destination>{2b06980d-9a81-4598-9969-ab19775c9a23}</destination>
        </relationship>
    </object>
    <object class="MixerBusEffectChain" id="{3fa7e822-0ad3-438d-8482-aba27aee40c1}">
        <relationship name="effects">
            <destination>{057b1458-ed7a-4484-99fc-feff8681289d}</destination>
            <destination>{2f13b52f-9668-4d08-a29c-55faf868555a}</destination>
        </relationship>
    </object>
    <object class="MixerBusPanner" id="{23226e7f-e515-41ba-8327-07b0b3bdd16f}">
        <property name="surroundPanDirection">
            <value>146.309937</value>
        </property>
    </object>
    <object class="SFXReverbEffect" id="{057b1458-ed7a-4484-99fc-feff8681289d}">
        <property name="wetLevel">
            <value>0</value>
        </property>
        <property name="dryLevel">
            <value>-80</value>
        </property>
    </object>
    <object class="MixerBusFader" id="{2f13b52f-9668-4d08-a29c-55faf868555a}"/>
</objects>
