<?xml version="1.0" encoding="UTF-8"?>
<objects serializationModel="Studio.01.10.00">
    <object class="ParameterPreset" id="{9e2a286d-c14a-4a99-8692-ca1e2e1568c6}">
        <property name="name">
            <value>relativeVelocity</value>
        </property>
        <relationship name="folder">
            <destination>{693d1f6a-d63b-463c-93e4-6787d8442050}</destination>
        </relationship>
        <relationship name="parameter">
            <destination>{f3023e54-1b4b-4b10-aa2d-b3047ba1807e}</destination>
        </relationship>
    </object>
    <object class="GameParameter" id="{f3023e54-1b4b-4b10-aa2d-b3047ba1807e}">
        <property name="initialValue">
            <value>0</value>
        </property>
    </object>
</objects>
