<?xml version="1.0" encoding="UTF-8"?>
<objects serializationModel="Studio.01.10.00">
    <object class="Event" id="{0c001ecb-06e9-4743-92fd-ec9072c3317e}">
        <property name="name">
            <value>WindChimeToneC</value>
        </property>
        <property name="outputFormat">
            <value>2</value>
        </property>
        <relationship name="folder">
            <destination>{11897644-ed70-450e-8beb-1c56fef84175}</destination>
        </relationship>
        <relationship name="mixer">
            <destination>{15f2301c-e636-4f52-b144-d04f9a5dfed6}</destination>
        </relationship>
        <relationship name="masterTrack">
            <destination>{dc98345f-b476-4237-8026-cd335d01b512}</destination>
        </relationship>
        <relationship name="mixerInput">
            <destination>{12753e94-42ce-4cc0-b03d-4569c89c4c6c}</destination>
        </relationship>
        <relationship name="automatableProperties">
            <destination>{bf73d81d-905e-4ad2-b6f2-1df34f9c74af}</destination>
        </relationship>
        <relationship name="markerTracks">
            <destination>{4cfa616d-2c1f-45f1-b1d3-c4de28639879}</destination>
        </relationship>
        <relationship name="groupTracks">
            <destination>{81ac5774-dee1-468f-a3a9-f68dff737081}</destination>
        </relationship>
        <relationship name="timeline">
            <destination>{24981868-b738-47c1-9237-43ade5799801}</destination>
        </relationship>
        <relationship name="parameters">
            <destination>{c401978c-40c3-44c1-9f77-bde194926f10}</destination>
        </relationship>
        <relationship name="banks">
            <destination>{92ae130c-9686-44cd-8fbb-2c9517fa1915}</destination>
        </relationship>
    </object>
    <object class="EventMixer" id="{15f2301c-e636-4f52-b144-d04f9a5dfed6}">
        <relationship name="masterBus">
            <destination>{69691271-51c8-4ddc-a7c2-fab56e53e83a}</destination>
        </relationship>
    </object>
    <object class="MasterTrack" id="{dc98345f-b476-4237-8026-cd335d01b512}">
        <relationship name="mixerGroup">
            <destination>{69691271-51c8-4ddc-a7c2-fab56e53e83a}</destination>
        </relationship>
    </object>
    <object class="MixerInput" id="{12753e94-42ce-4cc0-b03d-4569c89c4c6c}">
        <relationship name="effectChain">
            <destination>{2151f8f3-1371-48dd-9609-8fe59d507286}</destination>
        </relationship>
        <relationship name="panner">
            <destination>{c53c71f8-1ad1-4e32-8697-a96a7fec8625}</destination>
        </relationship>
        <relationship name="output">
            <destination>{2b06980d-9a81-4598-9969-ab19775c9a23}</destination>
        </relationship>
    </object>
    <object class="EventAutomatableProperties" id="{bf73d81d-905e-4ad2-b6f2-1df34f9c74af}">
        <property name="triggerCooldown">
            <value>180</value>
        </property>
    </object>
    <object class="MarkerTrack" id="{4cfa616d-2c1f-45f1-b1d3-c4de28639879}"/>
    <object class="GroupTrack" id="{81ac5774-dee1-468f-a3a9-f68dff737081}">
        <relationship name="automationTracks">
            <destination>{913fa2cd-150b-442f-b157-dcf16f72879a}</destination>
        </relationship>
        <relationship name="modules">
            <destination>{3dcd1a56-c20a-4d3d-a7f7-7262c2837594}</destination>
        </relationship>
        <relationship name="mixerGroup">
            <destination>{ccef57da-7930-4071-9d2e-b9af6cdcd382}</destination>
        </relationship>
    </object>
    <object class="Timeline" id="{24981868-b738-47c1-9237-43ade5799801}">
        <relationship name="modules">
            <destination>{3dcd1a56-c20a-4d3d-a7f7-7262c2837594}</destination>
        </relationship>
    </object>
    <object class="ParameterProxy" id="{c401978c-40c3-44c1-9f77-bde194926f10}">
        <relationship name="preset">
            <destination>{f3023e54-1b4b-4b10-aa2d-b3047ba1807e}</destination>
        </relationship>
    </object>
    <object class="EventMixerMaster" id="{69691271-51c8-4ddc-a7c2-fab56e53e83a}">
        <relationship name="effectChain">
            <destination>{5500b5b1-9576-424a-9df3-baffed45ba8f}</destination>
        </relationship>
        <relationship name="panner">
            <destination>{e5e545cf-3e99-4fe9-b382-fd74685cd5b0}</destination>
        </relationship>
        <relationship name="mixer">
            <destination>{15f2301c-e636-4f52-b144-d04f9a5dfed6}</destination>
        </relationship>
    </object>
    <object class="MixerBusEffectChain" id="{2151f8f3-1371-48dd-9609-8fe59d507286}">
        <relationship name="effects">
            <destination>{46eb948b-f014-43fa-9f5f-fd61d8657b59}</destination>
        </relationship>
    </object>
    <object class="MixerBusPanner" id="{c53c71f8-1ad1-4e32-8697-a96a7fec8625}"/>
    <object class="AutomationTrack" id="{913fa2cd-150b-442f-b157-dcf16f72879a}">
        <relationship name="automator">
            <destination>{eedd1c87-6d72-4c4d-84f6-e280c2119de1}</destination>
        </relationship>
    </object>
    <object class="SingleSound" id="{3dcd1a56-c20a-4d3d-a7f7-7262c2837594}">
        <property name="length">
            <value>1.5</value>
        </property>
        <relationship name="fadeOutCurve">
            <destination>{6f65aeec-d34a-4c8c-9aa1-4b052e2b5079}</destination>
        </relationship>
        <relationship name="audioFile">
            <destination>{7044ee90-6007-4185-9272-a0a1b015ec18}</destination>
        </relationship>
    </object>
    <object class="EventMixerGroup" id="{ccef57da-7930-4071-9d2e-b9af6cdcd382}">
        <property name="name">
            <value>Audio 1</value>
        </property>
        <relationship name="automators">
            <destination>{eedd1c87-6d72-4c4d-84f6-e280c2119de1}</destination>
        </relationship>
        <relationship name="effectChain">
            <destination>{73e42687-412e-4122-8bf7-f14d4d92749a}</destination>
        </relationship>
        <relationship name="panner">
            <destination>{c704a882-03a3-463f-b2bd-fa19e8fca32f}</destination>
        </relationship>
        <relationship name="output">
            <destination>{69691271-51c8-4ddc-a7c2-fab56e53e83a}</destination>
        </relationship>
    </object>
    <object class="MixerBusEffectChain" id="{5500b5b1-9576-424a-9df3-baffed45ba8f}">
        <relationship name="effects">
            <destination>{1dae9105-44da-4a4c-968c-53a3ea2f0c26}</destination>
            <destination>{0cab7b79-e3ab-46ba-bf0f-58aa5acbd36c}</destination>
        </relationship>
    </object>
    <object class="MixerBusPanner" id="{e5e545cf-3e99-4fe9-b382-fd74685cd5b0}"/>
    <object class="MixerBusFader" id="{46eb948b-f014-43fa-9f5f-fd61d8657b59}"/>
    <object class="FadeCurve" id="{6f65aeec-d34a-4c8c-9aa1-4b052e2b5079}">
        <relationship name="startPoint">
            <destination>{2e3fb913-a44e-41a9-8161-4ba2e75d1c12}</destination>
        </relationship>
        <relationship name="endPoint">
            <destination>{707885d9-343b-4585-b0cd-22ea53a932dc}</destination>
        </relationship>
    </object>
    <object class="Automator" id="{eedd1c87-6d72-4c4d-84f6-e280c2119de1}">
        <property name="nameOfPropertyBeingAutomated">
            <value>volume</value>
        </property>
        <relationship name="automationCurves">
            <destination>{ab211888-728c-49db-8e88-f138df4314df}</destination>
        </relationship>
    </object>
    <object class="MixerBusEffectChain" id="{73e42687-412e-4122-8bf7-f14d4d92749a}">
        <relationship name="effects">
            <destination>{eaa60128-1cbc-44df-af5f-bad9d4a61008}</destination>
            <destination>{bea872f6-a88e-45b5-aa6b-65f8ec834961}</destination>
        </relationship>
    </object>
    <object class="MixerBusPanner" id="{c704a882-03a3-463f-b2bd-fa19e8fca32f}"/>
    <object class="MixerBusFader" id="{1dae9105-44da-4a4c-968c-53a3ea2f0c26}"/>
    <object class="SpatialiserEffect" id="{0cab7b79-e3ab-46ba-bf0f-58aa5acbd36c}">
        <property name="distanceRolloffType">
            <value>2</value>
        </property>
        <property name="maximumDistance">
            <value>15</value>
        </property>
        <property name="soundSize">
            <value>76</value>
        </property>
        <property name="minimumExtent">
            <value>24</value>
        </property>
    </object>
    <object class="AutomationPoint" id="{2e3fb913-a44e-41a9-8161-4ba2e75d1c12}">
        <property name="position">
            <value>1</value>
        </property>
        <property name="value">
            <value>1</value>
        </property>
        <property name="curveShape">
            <value>0.25471893</value>
        </property>
    </object>
    <object class="AutomationPoint" id="{707885d9-343b-4585-b0cd-22ea53a932dc}">
        <property name="position">
            <value>1.5</value>
        </property>
        <property name="value">
            <value>0</value>
        </property>
    </object>
    <object class="AutomationCurve" id="{ab211888-728c-49db-8e88-f138df4314df}">
        <relationship name="parameter">
            <destination>{f3023e54-1b4b-4b10-aa2d-b3047ba1807e}</destination>
        </relationship>
        <relationship name="automationPoints">
            <destination>{a6e7ab12-d6b2-4c8b-b47d-102065119cef}</destination>
            <destination>{9aa8d530-b452-49d8-9068-a20f90f45192}</destination>
        </relationship>
    </object>
    <object class="MixerBusFader" id="{eaa60128-1cbc-44df-af5f-bad9d4a61008}"/>
    <object class="MixerSend" id="{bea872f6-a88e-45b5-aa6b-65f8ec834961}">
        <property name="inputFormat">
            <value>1</value>
        </property>
        <relationship name="mixerReturn">
            <destination>{e5111180-fd17-4444-bbf7-03909dae5cda}</destination>
        </relationship>
    </object>
    <object class="AutomationPoint" id="{a6e7ab12-d6b2-4c8b-b47d-102065119cef}">
        <property name="position">
            <value>0</value>
        </property>
        <property name="value">
            <value>-80</value>
        </property>
    </object>
    <object class="AutomationPoint" id="{9aa8d530-b452-49d8-9068-a20f90f45192}">
        <property name="position">
            <value>1</value>
        </property>
        <property name="value">
            <value>0</value>
        </property>
    </object>
</objects>
