<?xml version="1.0" encoding="UTF-8"?>
<objects serializationModel="Studio.01.10.00">
    <object class="Event" id="{0d35f19d-5d95-4845-a1d9-a485901f27ec}">
        <property name="name">
            <value>RoomTone</value>
        </property>
        <property name="outputFormat">
            <value>2</value>
        </property>
        <relationship name="folder">
            <destination>{11897644-ed70-450e-8beb-1c56fef84175}</destination>
        </relationship>
        <relationship name="mixer">
            <destination>{9b9e2fb0-6dcd-4789-bc62-d9d2ab7a5973}</destination>
        </relationship>
        <relationship name="masterTrack">
            <destination>{84d93955-b6f0-49cd-8d41-59398164fa2f}</destination>
        </relationship>
        <relationship name="mixerInput">
            <destination>{cc0e94e1-a61c-4396-a8c6-c7d4cdf8beb6}</destination>
        </relationship>
        <relationship name="automatableProperties">
            <destination>{92df6ed1-7a86-45ea-9289-44e12eeb910c}</destination>
        </relationship>
        <relationship name="markerTracks">
            <destination>{452d8476-5a3c-4251-a091-d4288d8923a2}</destination>
        </relationship>
        <relationship name="groupTracks">
            <destination>{65deb6ea-571b-45c2-b09d-3de6f89aad5d}</destination>
        </relationship>
        <relationship name="timeline">
            <destination>{a5743941-8da8-4694-9cd3-1d9dd8d22662}</destination>
        </relationship>
        <relationship name="banks">
            <destination>{92ae130c-9686-44cd-8fbb-2c9517fa1915}</destination>
        </relationship>
    </object>
    <object class="EventMixer" id="{9b9e2fb0-6dcd-4789-bc62-d9d2ab7a5973}">
        <relationship name="masterBus">
            <destination>{d0b6d690-f1e8-495b-bfb6-19c259c0658d}</destination>
        </relationship>
    </object>
    <object class="MasterTrack" id="{84d93955-b6f0-49cd-8d41-59398164fa2f}">
        <relationship name="mixerGroup">
            <destination>{d0b6d690-f1e8-495b-bfb6-19c259c0658d}</destination>
        </relationship>
    </object>
    <object class="MixerInput" id="{cc0e94e1-a61c-4396-a8c6-c7d4cdf8beb6}">
        <relationship name="effectChain">
            <destination>{631227fa-0711-4e01-a4ab-cd80a4c9c43d}</destination>
        </relationship>
        <relationship name="panner">
            <destination>{f2996655-6cde-4241-940d-da31bace65a3}</destination>
        </relationship>
        <relationship name="output">
            <destination>{2b06980d-9a81-4598-9969-ab19775c9a23}</destination>
        </relationship>
    </object>
    <object class="EventAutomatableProperties" id="{92df6ed1-7a86-45ea-9289-44e12eeb910c}"/>
    <object class="MarkerTrack" id="{452d8476-5a3c-4251-a091-d4288d8923a2}"/>
    <object class="GroupTrack" id="{65deb6ea-571b-45c2-b09d-3de6f89aad5d}">
        <relationship name="modules">
            <destination>{63e61ea1-f02b-45e9-9b1b-0594fb0e451c}</destination>
        </relationship>
        <relationship name="mixerGroup">
            <destination>{d394b890-a707-4aeb-9b96-22f436026bac}</destination>
        </relationship>
    </object>
    <object class="Timeline" id="{a5743941-8da8-4694-9cd3-1d9dd8d22662}">
        <relationship name="modules">
            <destination>{63e61ea1-f02b-45e9-9b1b-0594fb0e451c}</destination>
        </relationship>
        <relationship name="markers">
            <destination>{fce172d8-989a-49ad-89d0-87508b38f620}</destination>
        </relationship>
    </object>
    <object class="EventMixerMaster" id="{d0b6d690-f1e8-495b-bfb6-19c259c0658d}">
        <relationship name="effectChain">
            <destination>{e222af42-3661-46e5-a70b-af80f404dfb2}</destination>
        </relationship>
        <relationship name="panner">
            <destination>{eb65616f-5570-47a7-964f-36d2d98f5229}</destination>
        </relationship>
        <relationship name="mixer">
            <destination>{9b9e2fb0-6dcd-4789-bc62-d9d2ab7a5973}</destination>
        </relationship>
    </object>
    <object class="MixerBusEffectChain" id="{631227fa-0711-4e01-a4ab-cd80a4c9c43d}">
        <relationship name="effects">
            <destination>{36a01101-3d0e-4328-ae9c-a45823c711af}</destination>
        </relationship>
    </object>
    <object class="MixerBusPanner" id="{f2996655-6cde-4241-940d-da31bace65a3}"/>
    <object class="SingleSound" id="{63e61ea1-f02b-45e9-9b1b-0594fb0e451c}">
        <property name="length">
            <value>8.0718367346938784</value>
        </property>
        <relationship name="audioFile">
            <destination>{f2943369-04d4-49d3-9981-5725dc6a4736}</destination>
        </relationship>
    </object>
    <object class="EventMixerGroup" id="{d394b890-a707-4aeb-9b96-22f436026bac}">
        <property name="volume">
            <value>-29.5</value>
        </property>
        <property name="name">
            <value>Audio 1</value>
        </property>
        <relationship name="effectChain">
            <destination>{c57c17bb-2c12-4590-b8a4-b3a98f610192}</destination>
        </relationship>
        <relationship name="panner">
            <destination>{45fe5dd7-ccc3-4617-9e77-c0e126ef3122}</destination>
        </relationship>
        <relationship name="output">
            <destination>{d0b6d690-f1e8-495b-bfb6-19c259c0658d}</destination>
        </relationship>
    </object>
    <object class="LoopRegion" id="{fce172d8-989a-49ad-89d0-87508b38f620}">
        <property name="position">
            <value>0</value>
        </property>
        <property name="length">
            <value>8.0718367346938784</value>
        </property>
        <relationship name="timeline">
            <destination>{a5743941-8da8-4694-9cd3-1d9dd8d22662}</destination>
        </relationship>
        <relationship name="markerTrack">
            <destination>{452d8476-5a3c-4251-a091-d4288d8923a2}</destination>
        </relationship>
    </object>
    <object class="MixerBusEffectChain" id="{e222af42-3661-46e5-a70b-af80f404dfb2}">
        <relationship name="effects">
            <destination>{8c85c05c-9406-473e-b238-08e912917155}</destination>
            <destination>{9442970d-938d-4f28-9372-c1f6a31459c8}</destination>
        </relationship>
    </object>
    <object class="MixerBusPanner" id="{eb65616f-5570-47a7-964f-36d2d98f5229}"/>
    <object class="MixerBusFader" id="{36a01101-3d0e-4328-ae9c-a45823c711af}"/>
    <object class="MixerBusEffectChain" id="{c57c17bb-2c12-4590-b8a4-b3a98f610192}">
        <relationship name="effects">
            <destination>{6384fb33-347d-4cd2-a038-a5f146a8b649}</destination>
        </relationship>
    </object>
    <object class="MixerBusPanner" id="{45fe5dd7-ccc3-4617-9e77-c0e126ef3122}"/>
    <object class="MixerBusFader" id="{8c85c05c-9406-473e-b238-08e912917155}"/>
    <object class="SpatialiserEffect" id="{9442970d-938d-4f28-9372-c1f6a31459c8}"/>
    <object class="MixerBusFader" id="{6384fb33-347d-4cd2-a038-a5f146a8b649}"/>
</objects>
