<?xml version="1.0" encoding="UTF-8"?>
<objects serializationModel="Studio.01.10.00">
    <object class="Event" id="{5300908b-f732-4065-af98-325376f8e007}">
        <property name="name">
            <value>WindChimeTone F</value>
        </property>
        <property name="outputFormat">
            <value>2</value>
        </property>
        <relationship name="folder">
            <destination>{11897644-ed70-450e-8beb-1c56fef84175}</destination>
        </relationship>
        <relationship name="mixer">
            <destination>{0f1e639c-c103-4893-a3ae-f794be9aff07}</destination>
        </relationship>
        <relationship name="masterTrack">
            <destination>{9431a702-856a-45eb-bdce-8a362ea387aa}</destination>
        </relationship>
        <relationship name="mixerInput">
            <destination>{f46ac5dd-e463-4322-b738-645f976fa770}</destination>
        </relationship>
        <relationship name="automatableProperties">
            <destination>{60de0e41-c353-4bb7-9854-217c7dd5f7c8}</destination>
        </relationship>
        <relationship name="markerTracks">
            <destination>{d437b0ee-7725-48c4-bd44-8135a80a5311}</destination>
        </relationship>
        <relationship name="groupTracks">
            <destination>{1c195226-e22a-4c11-ba39-25cd55dbe50b}</destination>
        </relationship>
        <relationship name="timeline">
            <destination>{b94dc8a0-fef1-4310-8c07-56b5eb1a659b}</destination>
        </relationship>
        <relationship name="parameters">
            <destination>{199dae7f-ce28-4095-bae9-2f383f877392}</destination>
        </relationship>
        <relationship name="banks">
            <destination>{92ae130c-9686-44cd-8fbb-2c9517fa1915}</destination>
        </relationship>
    </object>
    <object class="EventMixer" id="{0f1e639c-c103-4893-a3ae-f794be9aff07}">
        <relationship name="masterBus">
            <destination>{1d2b3e76-5fbe-417e-a8fb-0a6ed646bc5b}</destination>
        </relationship>
    </object>
    <object class="MasterTrack" id="{9431a702-856a-45eb-bdce-8a362ea387aa}">
        <relationship name="mixerGroup">
            <destination>{1d2b3e76-5fbe-417e-a8fb-0a6ed646bc5b}</destination>
        </relationship>
    </object>
    <object class="MixerInput" id="{f46ac5dd-e463-4322-b738-645f976fa770}">
        <relationship name="effectChain">
            <destination>{e1b9c18a-6794-4d9c-9639-fab7906b4580}</destination>
        </relationship>
        <relationship name="panner">
            <destination>{1bfad2ea-3517-47ad-9089-74b36c832b4c}</destination>
        </relationship>
        <relationship name="output">
            <destination>{2b06980d-9a81-4598-9969-ab19775c9a23}</destination>
        </relationship>
    </object>
    <object class="EventAutomatableProperties" id="{60de0e41-c353-4bb7-9854-217c7dd5f7c8}"/>
    <object class="MarkerTrack" id="{d437b0ee-7725-48c4-bd44-8135a80a5311}"/>
    <object class="GroupTrack" id="{1c195226-e22a-4c11-ba39-25cd55dbe50b}">
        <relationship name="automationTracks">
            <destination>{e501bd2f-1996-412f-8b9f-2a4e9413c806}</destination>
        </relationship>
        <relationship name="modules">
            <destination>{ace49e0c-91de-4d6e-b632-36c315d425ed}</destination>
        </relationship>
        <relationship name="mixerGroup">
            <destination>{93b48d71-941c-4746-b629-e2cd7d353a3a}</destination>
        </relationship>
    </object>
    <object class="Timeline" id="{b94dc8a0-fef1-4310-8c07-56b5eb1a659b}">
        <relationship name="modules">
            <destination>{ace49e0c-91de-4d6e-b632-36c315d425ed}</destination>
        </relationship>
    </object>
    <object class="ParameterProxy" id="{199dae7f-ce28-4095-bae9-2f383f877392}">
        <relationship name="preset">
            <destination>{f3023e54-1b4b-4b10-aa2d-b3047ba1807e}</destination>
        </relationship>
    </object>
    <object class="EventMixerMaster" id="{1d2b3e76-5fbe-417e-a8fb-0a6ed646bc5b}">
        <relationship name="effectChain">
            <destination>{5d17243b-0b43-4068-a143-6dafd1944623}</destination>
        </relationship>
        <relationship name="panner">
            <destination>{3ff0d61a-c3e2-4d38-a85d-9275f550c25d}</destination>
        </relationship>
        <relationship name="mixer">
            <destination>{0f1e639c-c103-4893-a3ae-f794be9aff07}</destination>
        </relationship>
    </object>
    <object class="MixerBusEffectChain" id="{e1b9c18a-6794-4d9c-9639-fab7906b4580}">
        <relationship name="effects">
            <destination>{cbc33e7e-9ca5-4622-a988-4d6d7f4c5801}</destination>
        </relationship>
    </object>
    <object class="MixerBusPanner" id="{1bfad2ea-3517-47ad-9089-74b36c832b4c}"/>
    <object class="AutomationTrack" id="{e501bd2f-1996-412f-8b9f-2a4e9413c806}">
        <relationship name="automator">
            <destination>{6772c16e-1767-4a3f-be51-1d58f7717399}</destination>
        </relationship>
    </object>
    <object class="SingleSound" id="{ace49e0c-91de-4d6e-b632-36c315d425ed}">
        <relationship name="fadeOutCurve">
            <destination>{4bc8185f-fdb4-48b4-a4f1-2c1cd28c7103}</destination>
        </relationship>
        <relationship name="audioFile">
            <destination>{1768df2a-3251-426a-ad51-41c9f34e797e}</destination>
        </relationship>
    </object>
    <object class="EventMixerGroup" id="{93b48d71-941c-4746-b629-e2cd7d353a3a}">
        <property name="name">
            <value>Audio 1</value>
        </property>
        <relationship name="automators">
            <destination>{6772c16e-1767-4a3f-be51-1d58f7717399}</destination>
        </relationship>
        <relationship name="effectChain">
            <destination>{4d53b0d8-4675-49f0-87f0-1fc1e1875bd1}</destination>
        </relationship>
        <relationship name="panner">
            <destination>{fed0e1e2-f38c-4f8d-a1c6-fc64a8b70f76}</destination>
        </relationship>
        <relationship name="output">
            <destination>{1d2b3e76-5fbe-417e-a8fb-0a6ed646bc5b}</destination>
        </relationship>
    </object>
    <object class="MixerBusEffectChain" id="{5d17243b-0b43-4068-a143-6dafd1944623}">
        <relationship name="effects">
            <destination>{dd385aad-4ba9-4ac3-9d5d-5d462377a30e}</destination>
            <destination>{3a7788cf-641f-459e-938c-cebbc7221bcf}</destination>
        </relationship>
    </object>
    <object class="MixerBusPanner" id="{3ff0d61a-c3e2-4d38-a85d-9275f550c25d}"/>
    <object class="MixerBusFader" id="{cbc33e7e-9ca5-4622-a988-4d6d7f4c5801}"/>
    <object class="FadeCurve" id="{4bc8185f-fdb4-48b4-a4f1-2c1cd28c7103}">
        <relationship name="startPoint">
            <destination>{8920d36b-8d72-4169-bded-788de49a144c}</destination>
        </relationship>
        <relationship name="endPoint">
            <destination>{3a9d81d5-47bc-497f-8e6a-1ddd32fb2d8f}</destination>
        </relationship>
    </object>
    <object class="Automator" id="{6772c16e-1767-4a3f-be51-1d58f7717399}">
        <property name="nameOfPropertyBeingAutomated">
            <value>volume</value>
        </property>
        <relationship name="automationCurves">
            <destination>{49f6a3d8-4ced-4713-b20a-63a2ffe6316a}</destination>
        </relationship>
    </object>
    <object class="MixerBusEffectChain" id="{4d53b0d8-4675-49f0-87f0-1fc1e1875bd1}">
        <relationship name="effects">
            <destination>{7fa1f021-c593-4fa7-be50-98951e391e5a}</destination>
            <destination>{b2698a19-5aed-4adb-9a7b-374941a0a7ac}</destination>
        </relationship>
    </object>
    <object class="MixerBusPanner" id="{fed0e1e2-f38c-4f8d-a1c6-fc64a8b70f76}"/>
    <object class="MixerBusFader" id="{dd385aad-4ba9-4ac3-9d5d-5d462377a30e}"/>
    <object class="SpatialiserEffect" id="{3a7788cf-641f-459e-938c-cebbc7221bcf}">
        <property name="distanceRolloffType">
            <value>2</value>
        </property>
        <property name="maximumDistance">
            <value>15</value>
        </property>
    </object>
    <object class="AutomationPoint" id="{8920d36b-8d72-4169-bded-788de49a144c}">
        <property name="position">
            <value>0.5</value>
        </property>
        <property name="value">
            <value>1</value>
        </property>
        <property name="curveShape">
            <value>0.25471893</value>
        </property>
    </object>
    <object class="AutomationPoint" id="{3a9d81d5-47bc-497f-8e6a-1ddd32fb2d8f}">
        <property name="position">
            <value>1</value>
        </property>
        <property name="value">
            <value>0</value>
        </property>
    </object>
    <object class="AutomationCurve" id="{49f6a3d8-4ced-4713-b20a-63a2ffe6316a}">
        <relationship name="parameter">
            <destination>{f3023e54-1b4b-4b10-aa2d-b3047ba1807e}</destination>
        </relationship>
        <relationship name="automationPoints">
            <destination>{1270acb2-aae8-437a-bcf6-617d536beda3}</destination>
            <destination>{4beeb1ee-7bc6-4f39-b4a0-e4a249d88f66}</destination>
        </relationship>
    </object>
    <object class="MixerBusFader" id="{7fa1f021-c593-4fa7-be50-98951e391e5a}"/>
    <object class="MixerSend" id="{b2698a19-5aed-4adb-9a7b-374941a0a7ac}">
        <property name="level">
            <value>-11</value>
        </property>
        <property name="inputFormat">
            <value>1</value>
        </property>
        <relationship name="mixerReturn">
            <destination>{e5111180-fd17-4444-bbf7-03909dae5cda}</destination>
        </relationship>
    </object>
    <object class="AutomationPoint" id="{1270acb2-aae8-437a-bcf6-617d536beda3}">
        <property name="position">
            <value>0</value>
        </property>
        <property name="value">
            <value>-80</value>
        </property>
    </object>
    <object class="AutomationPoint" id="{4beeb1ee-7bc6-4f39-b4a0-e4a249d88f66}">
        <property name="position">
            <value>1</value>
        </property>
        <property name="value">
            <value>0</value>
        </property>
    </object>
</objects>
