<?xml version="1.0" encoding="UTF-8"?>
<objects serializationModel="Studio.01.10.00">
    <object class="Event" id="{58b52149-df5f-4d6c-bf2b-6dc9cf3a13b5}">
        <property name="name">
            <value>Door Open 1</value>
        </property>
        <property name="outputFormat">
            <value>2</value>
        </property>
        <relationship name="folder">
            <destination>{11897644-ed70-450e-8beb-1c56fef84175}</destination>
        </relationship>
        <relationship name="mixer">
            <destination>{6501c738-907d-4d3a-85d1-a1df15208186}</destination>
        </relationship>
        <relationship name="masterTrack">
            <destination>{726f2477-bba7-4e03-804f-52ee7b21f0bc}</destination>
        </relationship>
        <relationship name="mixerInput">
            <destination>{1b784c98-4ec7-4ffd-98f5-037ffdbf8860}</destination>
        </relationship>
        <relationship name="automatableProperties">
            <destination>{853e0b2d-7d0c-4954-b299-fef07cf0c8f6}</destination>
        </relationship>
        <relationship name="markerTracks">
            <destination>{72eab57e-d8c4-4886-a992-c6e9007972d3}</destination>
        </relationship>
        <relationship name="groupTracks">
            <destination>{c020e17e-cf2b-4d22-83cb-b09d5c1cfbe0}</destination>
        </relationship>
        <relationship name="timeline">
            <destination>{cdc639ec-a748-4038-87b9-c28730a7791c}</destination>
        </relationship>
    </object>
    <object class="EventMixer" id="{6501c738-907d-4d3a-85d1-a1df15208186}">
        <relationship name="masterBus">
            <destination>{2143de5e-f69c-4e57-843f-25f566b85dca}</destination>
        </relationship>
    </object>
    <object class="MasterTrack" id="{726f2477-bba7-4e03-804f-52ee7b21f0bc}">
        <relationship name="mixerGroup">
            <destination>{2143de5e-f69c-4e57-843f-25f566b85dca}</destination>
        </relationship>
    </object>
    <object class="MixerInput" id="{1b784c98-4ec7-4ffd-98f5-037ffdbf8860}">
        <relationship name="effectChain">
            <destination>{821b3339-abd6-4f34-af54-bc7a34ddfd5d}</destination>
        </relationship>
        <relationship name="panner">
            <destination>{02ef7233-6684-47e8-92b7-69fd51b501e5}</destination>
        </relationship>
        <relationship name="output">
            <destination>{2b06980d-9a81-4598-9969-ab19775c9a23}</destination>
        </relationship>
    </object>
    <object class="EventAutomatableProperties" id="{853e0b2d-7d0c-4954-b299-fef07cf0c8f6}"/>
    <object class="MarkerTrack" id="{72eab57e-d8c4-4886-a992-c6e9007972d3}"/>
    <object class="GroupTrack" id="{c020e17e-cf2b-4d22-83cb-b09d5c1cfbe0}">
        <relationship name="mixerGroup">
            <destination>{5d54179b-54e8-46f4-823b-f2825b6de43b}</destination>
        </relationship>
    </object>
    <object class="Timeline" id="{cdc639ec-a748-4038-87b9-c28730a7791c}"/>
    <object class="EventMixerMaster" id="{2143de5e-f69c-4e57-843f-25f566b85dca}">
        <relationship name="effectChain">
            <destination>{dfc5312b-6a5a-4ec5-9fa0-72376d2c48f6}</destination>
        </relationship>
        <relationship name="panner">
            <destination>{d0308af7-93c5-453a-b8b4-c43c63428bbc}</destination>
        </relationship>
        <relationship name="mixer">
            <destination>{6501c738-907d-4d3a-85d1-a1df15208186}</destination>
        </relationship>
    </object>
    <object class="MixerBusEffectChain" id="{821b3339-abd6-4f34-af54-bc7a34ddfd5d}">
        <relationship name="effects">
            <destination>{956fdd49-213f-4fa8-813f-7862242f1d16}</destination>
        </relationship>
    </object>
    <object class="MixerBusPanner" id="{02ef7233-6684-47e8-92b7-69fd51b501e5}"/>
    <object class="EventMixerGroup" id="{5d54179b-54e8-46f4-823b-f2825b6de43b}">
        <property name="name">
            <value>Audio 1</value>
        </property>
        <relationship name="effectChain">
            <destination>{55738b44-6b94-478a-b0f2-bafed2a4c0ff}</destination>
        </relationship>
        <relationship name="panner">
            <destination>{72d7f680-783b-48db-95ca-607c36fb7631}</destination>
        </relationship>
        <relationship name="output">
            <destination>{2143de5e-f69c-4e57-843f-25f566b85dca}</destination>
        </relationship>
    </object>
    <object class="MixerBusEffectChain" id="{dfc5312b-6a5a-4ec5-9fa0-72376d2c48f6}">
        <relationship name="effects">
            <destination>{4c083191-7ea1-49df-935d-0653291a9b90}</destination>
            <destination>{541ce615-9922-4733-a727-b9298f0129d5}</destination>
        </relationship>
    </object>
    <object class="MixerBusPanner" id="{d0308af7-93c5-453a-b8b4-c43c63428bbc}"/>
    <object class="MixerBusFader" id="{956fdd49-213f-4fa8-813f-7862242f1d16}"/>
    <object class="MixerBusEffectChain" id="{55738b44-6b94-478a-b0f2-bafed2a4c0ff}">
        <relationship name="effects">
            <destination>{6492e279-64e5-418d-b1ca-88f41a6a3226}</destination>
        </relationship>
    </object>
    <object class="MixerBusPanner" id="{72d7f680-783b-48db-95ca-607c36fb7631}"/>
    <object class="MixerBusFader" id="{4c083191-7ea1-49df-935d-0653291a9b90}"/>
    <object class="SpatialiserEffect" id="{541ce615-9922-4733-a727-b9298f0129d5}"/>
    <object class="MixerBusFader" id="{6492e279-64e5-418d-b1ca-88f41a6a3226}"/>
</objects>
