<?xml version="1.0" encoding="UTF-8"?>
<objects serializationModel="Studio.01.10.00">
    <object class="Event" id="{8e57c977-532a-4016-b6ee-4f53efba5627}">
        <property name="name">
            <value>WindChimeTone D</value>
        </property>
        <property name="outputFormat">
            <value>2</value>
        </property>
        <relationship name="folder">
            <destination>{11897644-ed70-450e-8beb-1c56fef84175}</destination>
        </relationship>
        <relationship name="mixer">
            <destination>{be741c53-56c3-40f0-a6ce-29742a58e5ab}</destination>
        </relationship>
        <relationship name="masterTrack">
            <destination>{c0c5ed93-1946-4e21-b8ba-ebdf2f738549}</destination>
        </relationship>
        <relationship name="mixerInput">
            <destination>{14092f71-c2c0-484c-8313-e615d7826fa1}</destination>
        </relationship>
        <relationship name="automatableProperties">
            <destination>{2c1ad3f4-05a5-4c04-9f66-5a0074292347}</destination>
        </relationship>
        <relationship name="markerTracks">
            <destination>{904ec355-a4e7-41e6-9fb7-3d5c05a59b5e}</destination>
        </relationship>
        <relationship name="groupTracks">
            <destination>{5308ac0e-d5a5-45ee-a1bf-e94a7919fe9a}</destination>
        </relationship>
        <relationship name="timeline">
            <destination>{e87c3f57-3496-4ae8-b6d5-16d04794d5cb}</destination>
        </relationship>
        <relationship name="parameters">
            <destination>{1d2118fa-9486-4670-885d-6bdfa9cd9dd4}</destination>
        </relationship>
        <relationship name="banks">
            <destination>{92ae130c-9686-44cd-8fbb-2c9517fa1915}</destination>
        </relationship>
    </object>
    <object class="EventMixer" id="{be741c53-56c3-40f0-a6ce-29742a58e5ab}">
        <relationship name="masterBus">
            <destination>{c09e1c0e-ebbe-4a11-b66d-b79674c4c9b6}</destination>
        </relationship>
    </object>
    <object class="MasterTrack" id="{c0c5ed93-1946-4e21-b8ba-ebdf2f738549}">
        <relationship name="mixerGroup">
            <destination>{c09e1c0e-ebbe-4a11-b66d-b79674c4c9b6}</destination>
        </relationship>
    </object>
    <object class="MixerInput" id="{14092f71-c2c0-484c-8313-e615d7826fa1}">
        <relationship name="effectChain">
            <destination>{0989f9e8-0ca5-4997-b10f-51d839848a6a}</destination>
        </relationship>
        <relationship name="panner">
            <destination>{415a514b-7aa4-4989-b89c-4c2647ec8c8f}</destination>
        </relationship>
        <relationship name="output">
            <destination>{2b06980d-9a81-4598-9969-ab19775c9a23}</destination>
        </relationship>
    </object>
    <object class="EventAutomatableProperties" id="{2c1ad3f4-05a5-4c04-9f66-5a0074292347}"/>
    <object class="MarkerTrack" id="{904ec355-a4e7-41e6-9fb7-3d5c05a59b5e}"/>
    <object class="GroupTrack" id="{5308ac0e-d5a5-45ee-a1bf-e94a7919fe9a}">
        <relationship name="automationTracks">
            <destination>{3a7b9330-9c53-4a58-b6ed-06ae6197cd4e}</destination>
        </relationship>
        <relationship name="modules">
            <destination>{ec218632-87e8-4a43-9ade-36bf0387d4fb}</destination>
        </relationship>
        <relationship name="mixerGroup">
            <destination>{60871088-bd45-4118-a763-714f5330fb0c}</destination>
        </relationship>
    </object>
    <object class="Timeline" id="{e87c3f57-3496-4ae8-b6d5-16d04794d5cb}">
        <relationship name="modules">
            <destination>{ec218632-87e8-4a43-9ade-36bf0387d4fb}</destination>
        </relationship>
    </object>
    <object class="ParameterProxy" id="{1d2118fa-9486-4670-885d-6bdfa9cd9dd4}">
        <relationship name="preset">
            <destination>{f3023e54-1b4b-4b10-aa2d-b3047ba1807e}</destination>
        </relationship>
    </object>
    <object class="EventMixerMaster" id="{c09e1c0e-ebbe-4a11-b66d-b79674c4c9b6}">
        <relationship name="effectChain">
            <destination>{43bdef0b-b72a-498b-a867-60850486ed89}</destination>
        </relationship>
        <relationship name="panner">
            <destination>{255308da-55b3-447e-9e42-1c3a356d1ab2}</destination>
        </relationship>
        <relationship name="mixer">
            <destination>{be741c53-56c3-40f0-a6ce-29742a58e5ab}</destination>
        </relationship>
    </object>
    <object class="MixerBusEffectChain" id="{0989f9e8-0ca5-4997-b10f-51d839848a6a}">
        <relationship name="effects">
            <destination>{140edfb5-9d8f-4542-a7eb-ea937acf9838}</destination>
        </relationship>
    </object>
    <object class="MixerBusPanner" id="{415a514b-7aa4-4989-b89c-4c2647ec8c8f}"/>
    <object class="AutomationTrack" id="{3a7b9330-9c53-4a58-b6ed-06ae6197cd4e}">
        <relationship name="automator">
            <destination>{ce7dd0c7-2b55-48b1-ae84-5a7f6d27c9ab}</destination>
        </relationship>
    </object>
    <object class="SingleSound" id="{ec218632-87e8-4a43-9ade-36bf0387d4fb}">
        <property name="length">
            <value>2.5</value>
        </property>
        <relationship name="modulators">
            <destination>{5a01cec2-7d5b-4a11-a3cf-907f9da67641}</destination>
        </relationship>
        <relationship name="fadeOutCurve">
            <destination>{87a26b71-bb10-4cd6-a654-6c19951fb9ac}</destination>
        </relationship>
        <relationship name="audioFile">
            <destination>{5e6c466a-a1f2-406d-a0ba-0be16c88096a}</destination>
        </relationship>
    </object>
    <object class="EventMixerGroup" id="{60871088-bd45-4118-a763-714f5330fb0c}">
        <property name="name">
            <value>Audio 1</value>
        </property>
        <relationship name="automators">
            <destination>{ce7dd0c7-2b55-48b1-ae84-5a7f6d27c9ab}</destination>
        </relationship>
        <relationship name="effectChain">
            <destination>{13ccc850-5b32-4d75-a338-26b6ecbf49bf}</destination>
        </relationship>
        <relationship name="panner">
            <destination>{4bddde6b-fa96-4533-b915-a28c04267f68}</destination>
        </relationship>
        <relationship name="output">
            <destination>{c09e1c0e-ebbe-4a11-b66d-b79674c4c9b6}</destination>
        </relationship>
    </object>
    <object class="MixerBusEffectChain" id="{43bdef0b-b72a-498b-a867-60850486ed89}">
        <relationship name="effects">
            <destination>{45cf5050-1bb8-4775-9bcf-00bebb332259}</destination>
            <destination>{6f709b9f-3125-41ab-932c-08bb28527ebc}</destination>
        </relationship>
    </object>
    <object class="MixerBusPanner" id="{255308da-55b3-447e-9e42-1c3a356d1ab2}"/>
    <object class="MixerBusFader" id="{140edfb5-9d8f-4542-a7eb-ea937acf9838}"/>
    <object class="RandomizerModulator" id="{5a01cec2-7d5b-4a11-a3cf-907f9da67641}">
        <property name="nameOfPropertyBeingModulated">
            <value>pitch</value>
        </property>
        <property name="amount">
            <value>1</value>
        </property>
    </object>
    <object class="FadeCurve" id="{87a26b71-bb10-4cd6-a654-6c19951fb9ac}">
        <relationship name="startPoint">
            <destination>{91e624fb-5a43-49cf-af92-1f8c4024d466}</destination>
        </relationship>
        <relationship name="endPoint">
            <destination>{e8110593-0983-487b-9f0b-274f8a236766}</destination>
        </relationship>
    </object>
    <object class="Automator" id="{ce7dd0c7-2b55-48b1-ae84-5a7f6d27c9ab}">
        <property name="nameOfPropertyBeingAutomated">
            <value>volume</value>
        </property>
        <relationship name="automationCurves">
            <destination>{c7f5d7d2-b912-474e-97ef-d8c8a18474dc}</destination>
        </relationship>
    </object>
    <object class="MixerBusEffectChain" id="{13ccc850-5b32-4d75-a338-26b6ecbf49bf}">
        <relationship name="effects">
            <destination>{2100f6c4-8c7e-49fe-a16c-c6ea64ffd2e8}</destination>
        </relationship>
    </object>
    <object class="MixerBusPanner" id="{4bddde6b-fa96-4533-b915-a28c04267f68}"/>
    <object class="MixerBusFader" id="{45cf5050-1bb8-4775-9bcf-00bebb332259}"/>
    <object class="SpatialiserEffect" id="{6f709b9f-3125-41ab-932c-08bb28527ebc}">
        <property name="distanceRolloffType">
            <value>2</value>
        </property>
        <property name="maximumDistance">
            <value>15</value>
        </property>
    </object>
    <object class="AutomationPoint" id="{91e624fb-5a43-49cf-af92-1f8c4024d466}">
        <property name="position">
            <value>2</value>
        </property>
        <property name="value">
            <value>1</value>
        </property>
        <property name="curveShape">
            <value>0.25471893</value>
        </property>
    </object>
    <object class="AutomationPoint" id="{e8110593-0983-487b-9f0b-274f8a236766}">
        <property name="position">
            <value>2.5</value>
        </property>
        <property name="value">
            <value>0</value>
        </property>
    </object>
    <object class="AutomationCurve" id="{c7f5d7d2-b912-474e-97ef-d8c8a18474dc}">
        <relationship name="parameter">
            <destination>{f3023e54-1b4b-4b10-aa2d-b3047ba1807e}</destination>
        </relationship>
        <relationship name="automationPoints">
            <destination>{f90ebef6-c1a3-4b74-9a8d-c20cc61492e9}</destination>
            <destination>{97b945e2-7d03-40ca-b5a6-7a4a175df551}</destination>
        </relationship>
    </object>
    <object class="MixerBusFader" id="{2100f6c4-8c7e-49fe-a16c-c6ea64ffd2e8}"/>
    <object class="AutomationPoint" id="{f90ebef6-c1a3-4b74-9a8d-c20cc61492e9}">
        <property name="position">
            <value>0</value>
        </property>
        <property name="value">
            <value>-80</value>
        </property>
    </object>
    <object class="AutomationPoint" id="{97b945e2-7d03-40ca-b5a6-7a4a175df551}">
        <property name="position">
            <value>1</value>
        </property>
        <property name="value">
            <value>0</value>
        </property>
    </object>
</objects>
