<?xml version="1.0" encoding="UTF-8"?>
<objects serializationModel="Studio.01.10.00">
    <object class="Event" id="{93ca5c9c-7cbc-47fb-9d21-c7479af51929}">
        <property name="name">
            <value>WindChimeTone E</value>
        </property>
        <property name="outputFormat">
            <value>2</value>
        </property>
        <relationship name="folder">
            <destination>{11897644-ed70-450e-8beb-1c56fef84175}</destination>
        </relationship>
        <relationship name="mixer">
            <destination>{ffffdc32-c020-45d5-81b6-47384284cdf1}</destination>
        </relationship>
        <relationship name="masterTrack">
            <destination>{865ba461-1f91-45ec-bddd-85ce1380eb98}</destination>
        </relationship>
        <relationship name="mixerInput">
            <destination>{d10c9036-1c74-4b52-b325-a7ff5350892d}</destination>
        </relationship>
        <relationship name="automatableProperties">
            <destination>{d7e9a6a8-3318-4471-9f99-0ba6f414c9b1}</destination>
        </relationship>
        <relationship name="markerTracks">
            <destination>{f89239e3-335f-4fe0-a147-b67cb00226ab}</destination>
        </relationship>
        <relationship name="groupTracks">
            <destination>{11141545-95f2-4241-96cb-d15b43594903}</destination>
        </relationship>
        <relationship name="timeline">
            <destination>{d6727252-1e09-43be-943c-7ec4ad4a9ff9}</destination>
        </relationship>
        <relationship name="parameters">
            <destination>{ac5227bb-a703-48fc-98e2-e3a546c69039}</destination>
        </relationship>
        <relationship name="banks">
            <destination>{92ae130c-9686-44cd-8fbb-2c9517fa1915}</destination>
        </relationship>
    </object>
    <object class="EventMixer" id="{ffffdc32-c020-45d5-81b6-47384284cdf1}">
        <relationship name="masterBus">
            <destination>{8060ec55-0a5f-4b95-a826-a1f4ecfb1561}</destination>
        </relationship>
    </object>
    <object class="MasterTrack" id="{865ba461-1f91-45ec-bddd-85ce1380eb98}">
        <relationship name="mixerGroup">
            <destination>{8060ec55-0a5f-4b95-a826-a1f4ecfb1561}</destination>
        </relationship>
    </object>
    <object class="MixerInput" id="{d10c9036-1c74-4b52-b325-a7ff5350892d}">
        <relationship name="effectChain">
            <destination>{8f4b5e50-ce45-42a9-9c1a-9f30c77e2e94}</destination>
        </relationship>
        <relationship name="panner">
            <destination>{844bf286-08ab-4231-a194-dcaefc635b46}</destination>
        </relationship>
        <relationship name="output">
            <destination>{2b06980d-9a81-4598-9969-ab19775c9a23}</destination>
        </relationship>
    </object>
    <object class="EventAutomatableProperties" id="{d7e9a6a8-3318-4471-9f99-0ba6f414c9b1}"/>
    <object class="MarkerTrack" id="{f89239e3-335f-4fe0-a147-b67cb00226ab}"/>
    <object class="GroupTrack" id="{11141545-95f2-4241-96cb-d15b43594903}">
        <relationship name="automationTracks">
            <destination>{42d90c09-e8de-4bb1-b64f-6570bfe90a0c}</destination>
        </relationship>
        <relationship name="modules">
            <destination>{f5dfdf44-7f75-4392-93f1-c17ae806131c}</destination>
        </relationship>
        <relationship name="mixerGroup">
            <destination>{fc0d2236-2d22-4a38-9617-325ec50e9971}</destination>
        </relationship>
    </object>
    <object class="Timeline" id="{d6727252-1e09-43be-943c-7ec4ad4a9ff9}">
        <relationship name="modules">
            <destination>{f5dfdf44-7f75-4392-93f1-c17ae806131c}</destination>
        </relationship>
    </object>
    <object class="ParameterProxy" id="{ac5227bb-a703-48fc-98e2-e3a546c69039}">
        <relationship name="preset">
            <destination>{f3023e54-1b4b-4b10-aa2d-b3047ba1807e}</destination>
        </relationship>
    </object>
    <object class="EventMixerMaster" id="{8060ec55-0a5f-4b95-a826-a1f4ecfb1561}">
        <relationship name="effectChain">
            <destination>{0c10854e-e34b-49aa-98c5-ea871897da73}</destination>
        </relationship>
        <relationship name="panner">
            <destination>{8b82bc89-93f7-4bc7-a639-4856e59bcc0b}</destination>
        </relationship>
        <relationship name="mixer">
            <destination>{ffffdc32-c020-45d5-81b6-47384284cdf1}</destination>
        </relationship>
    </object>
    <object class="MixerBusEffectChain" id="{8f4b5e50-ce45-42a9-9c1a-9f30c77e2e94}">
        <relationship name="effects">
            <destination>{82be5b52-3339-437c-ae23-6f4e66603df8}</destination>
        </relationship>
    </object>
    <object class="MixerBusPanner" id="{844bf286-08ab-4231-a194-dcaefc635b46}"/>
    <object class="AutomationTrack" id="{42d90c09-e8de-4bb1-b64f-6570bfe90a0c}">
        <relationship name="automator">
            <destination>{f5ead340-95d8-49fa-9b75-93840e0a9dba}</destination>
        </relationship>
    </object>
    <object class="SingleSound" id="{f5dfdf44-7f75-4392-93f1-c17ae806131c}">
        <property name="length">
            <value>1.5</value>
        </property>
        <relationship name="modulators">
            <destination>{b73d0cff-986d-4d83-8e58-4c6bdf387ecd}</destination>
        </relationship>
        <relationship name="fadeOutCurve">
            <destination>{b9255b28-e39d-4a09-985c-467b3f40d67e}</destination>
        </relationship>
        <relationship name="audioFile">
            <destination>{f6587999-4a6e-40b7-8366-d996fb98855d}</destination>
        </relationship>
    </object>
    <object class="EventMixerGroup" id="{fc0d2236-2d22-4a38-9617-325ec50e9971}">
        <property name="name">
            <value>Audio 1</value>
        </property>
        <relationship name="automators">
            <destination>{f5ead340-95d8-49fa-9b75-93840e0a9dba}</destination>
        </relationship>
        <relationship name="effectChain">
            <destination>{4b8ecbc4-b679-4592-81b0-e9a16d66e1a3}</destination>
        </relationship>
        <relationship name="panner">
            <destination>{9823dab0-811c-4e9d-babf-1b1a3aa72bc0}</destination>
        </relationship>
        <relationship name="output">
            <destination>{8060ec55-0a5f-4b95-a826-a1f4ecfb1561}</destination>
        </relationship>
    </object>
    <object class="MixerBusEffectChain" id="{0c10854e-e34b-49aa-98c5-ea871897da73}">
        <relationship name="effects">
            <destination>{080ff14e-13ef-4136-bf2a-16e9391ee7ee}</destination>
            <destination>{352d9878-68f1-4f88-993d-37512f110d15}</destination>
        </relationship>
    </object>
    <object class="MixerBusPanner" id="{8b82bc89-93f7-4bc7-a639-4856e59bcc0b}"/>
    <object class="MixerBusFader" id="{82be5b52-3339-437c-ae23-6f4e66603df8}"/>
    <object class="RandomizerModulator" id="{b73d0cff-986d-4d83-8e58-4c6bdf387ecd}">
        <property name="nameOfPropertyBeingModulated">
            <value>pitch</value>
        </property>
        <property name="amount">
            <value>1.5</value>
        </property>
    </object>
    <object class="FadeCurve" id="{b9255b28-e39d-4a09-985c-467b3f40d67e}">
        <relationship name="startPoint">
            <destination>{a052ecd0-0d57-4c9f-9410-b41f481a02b5}</destination>
        </relationship>
        <relationship name="endPoint">
            <destination>{9635a9b3-9333-4345-baee-642f93f7b575}</destination>
        </relationship>
    </object>
    <object class="Automator" id="{f5ead340-95d8-49fa-9b75-93840e0a9dba}">
        <property name="nameOfPropertyBeingAutomated">
            <value>volume</value>
        </property>
        <relationship name="automationCurves">
            <destination>{f7b327e1-aa21-4dd3-97a5-98cc6816673f}</destination>
        </relationship>
    </object>
    <object class="MixerBusEffectChain" id="{4b8ecbc4-b679-4592-81b0-e9a16d66e1a3}">
        <relationship name="effects">
            <destination>{7280ff6b-a534-462e-ac97-4a36c3257806}</destination>
        </relationship>
    </object>
    <object class="MixerBusPanner" id="{9823dab0-811c-4e9d-babf-1b1a3aa72bc0}"/>
    <object class="MixerBusFader" id="{080ff14e-13ef-4136-bf2a-16e9391ee7ee}"/>
    <object class="SpatialiserEffect" id="{352d9878-68f1-4f88-993d-37512f110d15}">
        <property name="distanceRolloffType">
            <value>2</value>
        </property>
        <property name="maximumDistance">
            <value>15</value>
        </property>
        <property name="soundSize">
            <value>10</value>
        </property>
    </object>
    <object class="AutomationPoint" id="{a052ecd0-0d57-4c9f-9410-b41f481a02b5}">
        <property name="position">
            <value>1</value>
        </property>
        <property name="value">
            <value>1</value>
        </property>
        <property name="curveShape">
            <value>0.25471893</value>
        </property>
    </object>
    <object class="AutomationPoint" id="{9635a9b3-9333-4345-baee-642f93f7b575}">
        <property name="position">
            <value>1.5</value>
        </property>
        <property name="value">
            <value>0</value>
        </property>
    </object>
    <object class="AutomationCurve" id="{f7b327e1-aa21-4dd3-97a5-98cc6816673f}">
        <relationship name="parameter">
            <destination>{f3023e54-1b4b-4b10-aa2d-b3047ba1807e}</destination>
        </relationship>
        <relationship name="automationPoints">
            <destination>{210c31f2-a1bc-4361-9dd9-52c0ce590ea7}</destination>
            <destination>{d661b892-100a-4f03-b0d1-8dbd926cbc9b}</destination>
        </relationship>
    </object>
    <object class="MixerBusFader" id="{7280ff6b-a534-462e-ac97-4a36c3257806}"/>
    <object class="AutomationPoint" id="{210c31f2-a1bc-4361-9dd9-52c0ce590ea7}">
        <property name="position">
            <value>0</value>
        </property>
        <property name="value">
            <value>-80</value>
        </property>
    </object>
    <object class="AutomationPoint" id="{d661b892-100a-4f03-b0d1-8dbd926cbc9b}">
        <property name="position">
            <value>1</value>
        </property>
        <property name="value">
            <value>0</value>
        </property>
    </object>
</objects>
