<?xml version="1.0" encoding="UTF-8"?>
<objects serializationModel="Studio.01.10.00">
    <object class="Event" id="{fdf54387-414d-4595-8f12-e8d148b9761f}">
        <property name="name">
            <value>WindChimeTone Random</value>
        </property>
        <property name="outputFormat">
            <value>2</value>
        </property>
        <relationship name="folder">
            <destination>{11897644-ed70-450e-8beb-1c56fef84175}</destination>
        </relationship>
        <relationship name="mixer">
            <destination>{962be3e7-80e1-45a7-a2db-9afc5761f38e}</destination>
        </relationship>
        <relationship name="masterTrack">
            <destination>{84846e3b-1b7b-4d32-ab26-435b5862be69}</destination>
        </relationship>
        <relationship name="mixerInput">
            <destination>{3cecb9e8-a9ed-477c-b9b3-5daae8e2c2e2}</destination>
        </relationship>
        <relationship name="automatableProperties">
            <destination>{9297041f-e12d-48cc-8338-8b342d74f103}</destination>
        </relationship>
        <relationship name="markerTracks">
            <destination>{56e7de3d-01b4-4182-9bf5-ca5b5642813e}</destination>
        </relationship>
        <relationship name="groupTracks">
            <destination>{91b33853-1f52-4c71-97ec-a64089ac7712}</destination>
        </relationship>
        <relationship name="timeline">
            <destination>{95af2ac0-1785-4a9e-88b2-47950e1329b1}</destination>
        </relationship>
        <relationship name="banks">
            <destination>{92ae130c-9686-44cd-8fbb-2c9517fa1915}</destination>
        </relationship>
    </object>
    <object class="EventMixer" id="{962be3e7-80e1-45a7-a2db-9afc5761f38e}">
        <relationship name="masterBus">
            <destination>{9a03d1d5-9510-429f-bac7-18fb328945b5}</destination>
        </relationship>
    </object>
    <object class="MasterTrack" id="{84846e3b-1b7b-4d32-ab26-435b5862be69}">
        <relationship name="mixerGroup">
            <destination>{9a03d1d5-9510-429f-bac7-18fb328945b5}</destination>
        </relationship>
    </object>
    <object class="MixerInput" id="{3cecb9e8-a9ed-477c-b9b3-5daae8e2c2e2}">
        <relationship name="effectChain">
            <destination>{2f4a33c6-3723-4885-ab72-530f06dd2b64}</destination>
        </relationship>
        <relationship name="panner">
            <destination>{0421941e-081e-4403-82c4-04dfa3183e0f}</destination>
        </relationship>
        <relationship name="output">
            <destination>{2b06980d-9a81-4598-9969-ab19775c9a23}</destination>
        </relationship>
    </object>
    <object class="EventAutomatableProperties" id="{9297041f-e12d-48cc-8338-8b342d74f103}"/>
    <object class="MarkerTrack" id="{56e7de3d-01b4-4182-9bf5-ca5b5642813e}"/>
    <object class="GroupTrack" id="{91b33853-1f52-4c71-97ec-a64089ac7712}">
        <relationship name="modules">
            <destination>{ba7c8cbf-94b4-42f8-97f1-dc9fa1863d4e}</destination>
        </relationship>
        <relationship name="mixerGroup">
            <destination>{bdc37b70-12a6-4b75-becd-8efc74b97ecf}</destination>
        </relationship>
    </object>
    <object class="Timeline" id="{95af2ac0-1785-4a9e-88b2-47950e1329b1}">
        <relationship name="modules">
            <destination>{ba7c8cbf-94b4-42f8-97f1-dc9fa1863d4e}</destination>
        </relationship>
    </object>
    <object class="EventMixerMaster" id="{9a03d1d5-9510-429f-bac7-18fb328945b5}">
        <relationship name="effectChain">
            <destination>{4df34dc5-8ab1-4195-b511-ff9401d63024}</destination>
        </relationship>
        <relationship name="panner">
            <destination>{dae6d66b-bef2-4466-9528-711162cff93c}</destination>
        </relationship>
        <relationship name="mixer">
            <destination>{962be3e7-80e1-45a7-a2db-9afc5761f38e}</destination>
        </relationship>
    </object>
    <object class="MixerBusEffectChain" id="{2f4a33c6-3723-4885-ab72-530f06dd2b64}">
        <relationship name="effects">
            <destination>{01abfe5e-5a08-4dcd-90d3-ad40c2c92c69}</destination>
        </relationship>
    </object>
    <object class="MixerBusPanner" id="{0421941e-081e-4403-82c4-04dfa3183e0f}"/>
    <object class="MultiSound" id="{ba7c8cbf-94b4-42f8-97f1-dc9fa1863d4e}">
        <property name="length">
            <value>2.5</value>
        </property>
        <relationship name="fadeOutCurve">
            <destination>{888e225a-bd8f-4249-b790-058d15e13f43}</destination>
        </relationship>
        <relationship name="sounds">
            <destination>{af98a6a2-0769-49cc-b015-e7a595480f79}</destination>
            <destination>{dc96dc14-c2b1-43ea-97e9-630b902b5aba}</destination>
            <destination>{065ff8c7-1df0-47e4-baa8-498952059499}</destination>
            <destination>{e8623464-3176-489c-a9af-80e9a7b8deb4}</destination>
        </relationship>
    </object>
    <object class="EventMixerGroup" id="{bdc37b70-12a6-4b75-becd-8efc74b97ecf}">
        <property name="name">
            <value>Audio 1</value>
        </property>
        <relationship name="effectChain">
            <destination>{4ab9c567-946c-4cd8-80b3-f569d83c3587}</destination>
        </relationship>
        <relationship name="panner">
            <destination>{61df87cf-e857-4ad1-95a9-e542c5373ca5}</destination>
        </relationship>
        <relationship name="output">
            <destination>{9a03d1d5-9510-429f-bac7-18fb328945b5}</destination>
        </relationship>
    </object>
    <object class="MixerBusEffectChain" id="{4df34dc5-8ab1-4195-b511-ff9401d63024}">
        <relationship name="effects">
            <destination>{f75f3d12-0fcc-4c8d-9e9f-eae1372db38f}</destination>
            <destination>{79565e08-e2ee-455b-9254-010f26150b73}</destination>
        </relationship>
    </object>
    <object class="MixerBusPanner" id="{dae6d66b-bef2-4466-9528-711162cff93c}"/>
    <object class="MixerBusFader" id="{01abfe5e-5a08-4dcd-90d3-ad40c2c92c69}"/>
    <object class="FadeCurve" id="{888e225a-bd8f-4249-b790-058d15e13f43}">
        <relationship name="startPoint">
            <destination>{723280da-9a28-4307-91a3-3ddf1bbfa2f9}</destination>
        </relationship>
        <relationship name="endPoint">
            <destination>{5dddaf80-64e9-4f12-b3b1-508cdc01998a}</destination>
        </relationship>
    </object>
    <object class="SingleSound" id="{af98a6a2-0769-49cc-b015-e7a595480f79}">
        <relationship name="audioFile">
            <destination>{7044ee90-6007-4185-9272-a0a1b015ec18}</destination>
        </relationship>
    </object>
    <object class="SingleSound" id="{dc96dc14-c2b1-43ea-97e9-630b902b5aba}">
        <relationship name="audioFile">
            <destination>{5e6c466a-a1f2-406d-a0ba-0be16c88096a}</destination>
        </relationship>
    </object>
    <object class="SingleSound" id="{065ff8c7-1df0-47e4-baa8-498952059499}">
        <relationship name="audioFile">
            <destination>{f6587999-4a6e-40b7-8366-d996fb98855d}</destination>
        </relationship>
    </object>
    <object class="SingleSound" id="{e8623464-3176-489c-a9af-80e9a7b8deb4}">
        <relationship name="audioFile">
            <destination>{1768df2a-3251-426a-ad51-41c9f34e797e}</destination>
        </relationship>
    </object>
    <object class="MixerBusEffectChain" id="{4ab9c567-946c-4cd8-80b3-f569d83c3587}">
        <relationship name="effects">
            <destination>{091cb3df-40ab-4c8e-84f1-072876ed126a}</destination>
        </relationship>
    </object>
    <object class="MixerBusPanner" id="{61df87cf-e857-4ad1-95a9-e542c5373ca5}"/>
    <object class="MixerBusFader" id="{f75f3d12-0fcc-4c8d-9e9f-eae1372db38f}"/>
    <object class="SpatialiserEffect" id="{79565e08-e2ee-455b-9254-010f26150b73}"/>
    <object class="AutomationPoint" id="{723280da-9a28-4307-91a3-3ddf1bbfa2f9}">
        <property name="position">
            <value>2</value>
        </property>
        <property name="value">
            <value>1</value>
        </property>
        <property name="curveShape">
            <value>0.25471893</value>
        </property>
    </object>
    <object class="AutomationPoint" id="{5dddaf80-64e9-4f12-b3b1-508cdc01998a}">
        <property name="position">
            <value>2.5</value>
        </property>
        <property name="value">
            <value>0</value>
        </property>
    </object>
    <object class="MixerBusFader" id="{091cb3df-40ab-4c8e-84f1-072876ed126a}"/>
</objects>
