<?xml version="1.0" encoding="UTF-8"?>
<objects serializationModel="Studio.01.10.00">
    <object class="AudioFile" id="{1768df2a-3251-426a-ad51-41c9f34e797e}">
        <property name="assetPath">
            <value>Sample Batch 1 generatedf/WindChimeSoundD.wav</value>
        </property>
        <property name="isStreaming">
            <value>true</value>
        </property>
        <property name="frequencyInKHz">
            <value>44.0999985</value>
        </property>
        <property name="channelCount">
            <value>2</value>
        </property>
        <property name="length">
            <value>1</value>
        </property>
        <relationship name="masterAssetFolder">
            <destination>{a3925c56-b719-43bd-a540-278eeafebdc6}</destination>
        </relationship>
    </object>
</objects>
