<?xml version="1.0" encoding="UTF-8"?>
<objects serializationModel="Studio.01.10.00">
    <object class="AudioFile" id="{5e6c466a-a1f2-406d-a0ba-0be16c88096a}">
        <property name="assetPath">
            <value>Sample Batch 1 generatedf/WindChimeSoundB.wav</value>
        </property>
        <property name="isStreaming">
            <value>true</value>
        </property>
        <property name="frequencyInKHz">
            <value>44.0999985</value>
        </property>
        <property name="channelCount">
            <value>2</value>
        </property>
        <property name="length">
            <value>2.5</value>
        </property>
        <relationship name="masterAssetFolder">
            <destination>{a3925c56-b719-43bd-a540-278eeafebdc6}</destination>
        </relationship>
    </object>
</objects>
