<?xml version="1.0" encoding="UTF-8"?>
<objects serializationModel="Studio.01.10.00">
    <object class="AudioFile" id="{7044ee90-6007-4185-9272-a0a1b015ec18}">
        <property name="assetPath">
            <value>Sample Batch 1 generatedf/WindChimeSoundA.wav</value>
        </property>
        <property name="isStreaming">
            <value>true</value>
        </property>
        <property name="frequencyInKHz">
            <value>44.0999985</value>
        </property>
        <property name="channelCount">
            <value>2</value>
        </property>
        <property name="length">
            <value>1.5</value>
        </property>
        <relationship name="masterAssetFolder">
            <destination>{a3925c56-b719-43bd-a540-278eeafebdc6}</destination>
        </relationship>
    </object>
</objects>
