<?xml version="1.0" encoding="UTF-8"?>
<objects serializationModel="Studio.01.10.00">
    <object class="AudioFile" id="{f2943369-04d4-49d3-9981-5725dc6a4736}">
        <property name="assetPath">
            <value>io_virus-game_game-scene.mp3</value>
        </property>
        <property name="frequencyInKHz">
            <value>44.0999985</value>
        </property>
        <property name="channelCount">
            <value>2</value>
        </property>
        <property name="length">
            <value>8.0718367346938784</value>
        </property>
        <relationship name="masterAssetFolder">
            <destination>{a3925c56-b719-43bd-a540-278eeafebdc6}</destination>
        </relationship>
    </object>
</objects>
